image,label
Buildings (1).jpg,Building
Buildings (10).jpg,Building
Buildings (11).jpg,Building
Buildings (13).jpg,Building
Buildings (14).jpg,Building
Buildings (15).jpg,Building
Buildings (16).jpg,Building
Buildings (17).jpg,Building
Buildings (18).jpg,Building
Buildings (19).jpg,Building
Buildings (2).jpg,Building
Buildings (20).jpg,Building
Buildings (21).jpg,Building
Buildings (22).jpg,Building
Buildings (23).jpg,Building
Buildings (24).jpg,Building
Buildings (26).jpg,Building
Buildings (29).jpg,Building
Buildings (3).jpg,Building
Buildings (30).jpg,Building
Buildings (31).jpg,Building
Buildings (32).jpg,Building
Buildings (33).jpg,Building
Buildings (34).jpg,Building
Buildings (35).jpg,Building
Buildings (36).jpg,Building
Buildings (37).jpg,Building
Buildings (38).jpg,Building
Buildings (39).jpg,Building
Buildings (4).jpg,Building
Buildings (40).jpg,Building
Buildings (41).jpg,Building
Buildings (42).jpg,Building
Buildings (43).jpg,Building
Buildings (44).jpg,Building
Buildings (45).jpg,Building
Buildings (46).jpg,Building
Buildings (47).jpg,Building
Buildings (48).jpg,Building
Buildings (49).jpg,Building
Buildings (5).jpg,Building
Buildings (50).jpg,Building
Buildings (6).jpg,Building
Buildings (7).jpg,Building
Buildings (8).jpg,Building
Buildings (9).jpg,Building
Forest (1).jpg,Forest
Forest (10).jpg,Forest
Forest (11).jpg,Forest
Forest (12).jpg,Forest
Forest (13).jpg,Forest
Forest (14).jpg,Forest
Forest (15).jpg,Forest
Forest (16).jpg,Forest
Forest (17).jpg,Forest
Forest (18).jpg,Forest
Forest (19).jpg,Forest
Forest (2).jpg,Forest
Forest (20).jpg,Forest
Forest (21).jpg,Forest
Forest (22).jpg,Forest
Forest (23).jpg,Forest
Forest (24).jpg,Forest
Forest (25).jpg,Forest
Forest (26).jpg,Forest
Forest (27).jpg,Forest
Forest (28).jpg,Forest
Forest (29).jpg,Forest
Forest (3).jpg,Forest
Forest (30).jpg,Forest
Forest (31).jpg,Forest
Forest (32).jpg,Forest
Forest (33).jpg,Forest
Forest (34).jpg,Forest
Forest (35).jpg,Forest
Forest (36).jpg,Forest
Forest (37).jpg,Forest
Forest (38).jpg,Forest
Forest (39).jpg,Forest
Forest (4).jpg,Forest
Forest (40).jpg,Forest
Forest (41).jpg,Forest
Forest (42).jpg,Forest
Forest (43).jpg,Forest
Forest (44).jpg,Forest
Forest (45).jpg,Forest
Forest (46).jpg,Forest
Forest (47).jpg,Forest
Forest (48).jpg,Forest
Forest (49).jpg,Forest
Forest (5).jpg,Forest
Forest (50).jpg,Forest
Forest (6).jpg,Forest
Forest (7).jpg,Forest
Forest (8).jpg,Forest
Forest (9).jpg,Forest
Glacier (1).jpg,Glacier
Glacier (10).jpg,Glacier
Glacier (11).jpg,Glacier
Glacier (12).jpg,Glacier
Glacier (13).jpg,Glacier
Glacier (14).jpg,Glacier
Glacier (15).jpg,Glacier
Glacier (16).jpg,Glacier
Glacier (17).jpg,Glacier
Glacier (18).jpg,Forest
Glacier (19).jpg,Glacier
Glacier (2).jpg,Glacier
Glacier (20).jpg,Glacier
Glacier (21).jpg,Glacier
Glacier (22).jpg,Glacier
Glacier (23).jpg,Glacier
Glacier (24).jpg,Glacier
Glacier (25).jpg,Glacier
Glacier (26).jpg,Glacier
Glacier (27).jpg,Glacier
Glacier (28).jpg,Glacier
Glacier (29).jpg,Glacier
Glacier (3).jpg,Glacier
Glacier (30).jpg,Glacier
Glacier (31).jpg,Glacier
Glacier (32).jpg,Glacier
Glacier (33).jpg,Glacier
Glacier (34).jpg,Glacier
Glacier (35).jpg,Glacier
Glacier (36).jpg,Glacier
Glacier (37).jpg,Glacier
Glacier (38).jpg,Glacier
Glacier (39).jpg,Glacier
Glacier (4).jpg,Glacier
Glacier (40).jpg,Glacier
Glacier (41).jpg,Glacier
Glacier (42).jpg,Glacier
Glacier (43).jpg,Glacier
Glacier (44).jpg,Glacier
Glacier (45).jpg,Glacier
Glacier (46).jpg,Glacier
Glacier (47).jpg,Glacier
Glacier (48).jpg,Glacier
Glacier (49).jpg,Glacier
Glacier (5).jpg,Glacier
Glacier (50).jpg,Glacier
Glacier (6).jpg,Glacier
Glacier (7).jpg,Glacier
Glacier (8).jpg,Glacier
Glacier (9).jpg,Glacier
Mountain (1).jpg,Glacier
Mountain (10).jpg,Glacier
Mountain (11).jpg,Mountain
Mountain (12).jpg,Mountain
Mountain (13).jpg,Mountain
Mountain (14).jpg,Mountain
Mountain (16).jpg,Mountain
Mountain (17).jpg,Mountain
Mountain (19).jpg,Mountain
Mountain (2).jpg,Mountain
Mountain (20).jpg,Mountain
Mountain (21).jpg,Mountain
Mountain (22).jpg,Mountain
Mountain (24).jpg,Mountain
Mountain (26).jpg,Mountain
Mountain (27).jpg,Mountain
Mountain (28).jpg,Mountain
Mountain (29).jpg,Mountain
Mountain (3).jpg,Mountain
Mountain (30).jpg,Mountain
Mountain (31).jpg,Mountain
Mountain (32).jpg,Mountain
Mountain (33).jpg,Mountain
Mountain (34).jpg,Mountain
Mountain (35).jpg,Mountain
Mountain (36).jpg,Mountain
Mountain (37).jpg,Mountain
Mountain (38).jpg,Mountain
Mountain (39).jpg,Mountain
Mountain (4).jpg,Mountain
Mountain (40).jpg,Mountain
Mountain (41).jpg,Mountain
Mountain (42).jpg,Mountain
Mountain (43).jpg,Mountain
Mountain (44).jpg,Mountain
Mountain (45).jpg,Mountain
Mountain (46).jpg,Mountain
Mountain (47).jpg,Mountain
Mountain (48).jpg,Mountain
Mountain (49).jpg,Mountain
Mountain (5).jpg,Mountain
Mountain (50).jpg,Mountain
Mountain (6).jpg,Mountain
Mountain (7).jpg,Mountain
Mountain (8).jpg,Mountain
Mountain (9).jpg,Mountain
Sea (1).jpg,sea
Sea (10).jpg,sea
Sea (11).jpg,sea
Sea (12).jpg,sea
Sea (13).jpg,sea
Sea (14).jpg,sea
Sea (15).jpg,sea
Sea (16).jpg,sea
Sea (17).jpg,sea
Sea (18).jpg,sea
Sea (19).jpg,sea
Sea (2).jpg,sea
Sea (20).jpg,sea
Sea (21).jpg,sea
Sea (22).jpg,sea
Sea (23).jpg,sea
Sea (24).jpg,sea
Sea (25).jpg,sea
Sea (26).jpg,sea
Sea (27).jpg,sea
Sea (28).jpg,sea
Sea (29).jpg,sea
Sea (3).jpg,sea
Sea (30).jpg,sea
Sea (31).jpg,sea
Sea (32).jpg,sea
Sea (33).jpg,sea
Sea (34).jpg,sea
Sea (35).jpg,sea
Sea (36).jpg,sea
Sea (37).jpg,sea
Sea (38).jpg,sea
Sea (39).jpg,sea
Sea (4).jpg,sea
Sea (40).jpg,sea
Sea (41).jpg,sea
Sea (42).jpg,sea
Sea (43).jpg,sea
Sea (44).jpg,sea
Sea (45).jpg,sea
Sea (46).jpg,sea
Sea (47).jpg,sea
Sea (48).jpg,sea
Sea (49).jpg,sea
Sea (5).jpg,sea
Sea (50).jpg,sea
Sea (6).jpg,sea
Sea (7).jpg,sea
Sea (8).jpg,sea
Sea (9).jpg,sea
Street (1).jpg,street
Street (10).jpg,street
Street (11).jpg,street
Street (12).jpg,street
Street (13).jpg,street
Street (14).jpg,street
Street (15).jpg,street
Street (16).jpg,street
Street (17).jpg,street
Street (18).jpg,street
Street (19).jpg,street
Street (2).jpg,street
Street (20).jpg,street
Street (21).jpg,street
Street (22).jpg,street
Street (23).jpg,street
Street (24).jpg,street
Street (25).jpg,street
Street (26).jpg,street
Street (27).jpg,street
Street (28).jpg,street
Street (29).jpg,street
Street (3).jpg,street
Street (30).jpg,street
Street (31).jpg,street
Street (32).jpg,street
Street (33).jpg,street
Street (34).jpg,street
Street (35).jpg,street
Street (36).jpg,street
Street (37).jpg,street
Street (38).jpg,street
Street (39).jpg,street
Street (4).jpg,street
Street (40).jpg,street
Street (41).jpg,street
Street (42).jpg,street
Street (43).jpg,street
Street (44).jpg,street
Street (45).jpg,street
Street (46).jpg,street
Street (47).jpg,street
Street (48).jpg,street
Street (49).jpg,street
Street (5).jpg,street
Street (50).jpg,street
Street (6).jpg,street
Street (7).jpg,street
Street (8).jpg,street
Street (9).jpg,street
